,id,brand,car_model,type,desc,problem,datetime,status
0,573966,奔驰（进口）,奔驰E级（进口）,2021款 E 260 豪华型 运动版,进口奔驰E级新车出现发动机抖动熄火,"A24,A14,",2021-02-23,信息审核
1,573965,东风标致,标致308S,2015款 1.2T 自动 劲驰版,东风标致308S机油发黑导致发动机怠速不稳,"A198,H157,",2021-02-23,信息审核
2,573963,奇瑞汽车,瑞虎7,2016款 1.5T 手动 耀臻版,奇瑞瑞虎7仪表台和车门塑料件严重老化,"H157,",2021-02-23,信息审核
3,573961,一汽-大众,高尔夫,2011款 1.6 自动 时尚型,一汽大众高尔夫行驶中突然失去动力,"A255,",2021-02-23,信息审核
4,573954,上汽大众斯柯达,速派,2016款 TSI330 DSG 智行版,斯柯达速派变速箱机电控制单元出现故障,"B84,",2021-02-23,信息审核
5,573953,东风日产,轩逸,2016款 1.6XL 手动 豪华版 经典,东风日产轩逸发动机容易熄火希望厂家处理,"A14,",2021-02-23,信息审核
6,573951,华晨宝马,宝马3系,2018款 320Li 领先型M运动套装,华晨宝马3系车身出现共振和抖动一直未解决,"H268,",2021-02-23,信息审核
7,573950,奇瑞捷豹路虎,发现神行,2016款 2.0T SE,奇瑞捷豹路虎发现神行冷却水箱漏水,"A37,",2021-02-23,处理反馈
8,573948,广汽丰田,凯美瑞,2010款 240G 2.4 自动 豪华版,广汽丰田凯美瑞仪表台老化发粘而且有异味,"H185,H176,",2021-02-23,信息审核
9,573946,长安福特,探险者,2020款 EcoBoost 285 四驱 风尚版 6座,长安福特探险者行驶时出现车身共振,"H268,",2021-02-23,厂家受理
10,573944,东风日产,天籁,2019款 2.0T XV 智尊版,东风日产天籁车机互联功能无法使用,"M279,",2021-02-23,信息审核
11,573938,长安福特,翼虎,2015款 2.0L GTDi 四驱尊贵型 5座,长安福特翼虎经销商向厂家反馈情况不属实,"J299,",2021-02-23,厂家受理
12,573937,福田汽车,奥铃,2007款 BJ5049V8CEA-KA4,福田奥铃发动机内部螺栓脱落导致发动机损坏,"A136,A145,",2021-02-23,信息审核
13,573935,东风日产,轩逸,2021款 经典 1.6 XL 手动 豪华版,东风日产轩逸购买保养服务希望退款,"K308,",2021-02-23,信息审核
14,573934,长安福特,蒙迪欧,2013款 2.0T 自动 GTDi200时尚型,长安福特蒙迪欧变速箱漏油希望处理,"B22,",2021-02-23,厂家受理
15,573930,上汽大众,途观L,2021款 330TSI 自动 两驱 R-Line越享版,上汽大众途观L变速箱拖挡希望处理,"B69,",2021-02-23,信息审核
16,573929,广汽丰田,YARiS L 致享,2019款 1.5E CVT魅动版 国VI,广汽丰田致享高速行驶时方向盘无法回正,"D154,",2021-02-23,信息审核
17,573928,长安福特,蒙迪欧,2013款 1.5T 自动 GTDi180时尚型,长安福特蒙迪欧进气岐管有机油希望解决,"A12,",2021-02-23,厂家受理
18,573925,东风日产,轩逸,2016款 1.6XL CVT 尊享版,东风日产轩逸变速箱传感器开关故障故障灯亮,"B96,",2021-02-23,信息审核
19,573922,北京现代,领动,2019款 1.4T 双离合 炫动·活力型,北京现代领动变速箱异响 无法加速,"B33,B334,",2021-02-23,信息审核
20,573919,东风本田,思铂睿,2013款 2.4L 自动 豪华版,本田思铂睿内饰板脱胶鼓包天窗内部框架生锈,"H79,H168,",2021-02-23,信息审核
21,573918,吉利汽车,远景X6,2016款 1.3T CVT 豪华型,吉利远景X6变速箱故障报警4S店不予索赔,"B96,I297,",2021-02-23,厂家受理
22,573917,一汽-大众,迈腾,2018款 330TSI 领先型,一汽大众迈腾变速器机电单元故障,"B115,",2021-02-23,信息审核
23,573915,长安福特,金牛座,2019款 EcoBoost 245 Vignale臻享版,长安福特金牛座保养时螺丝未拧紧 物品丢失,"I295,J299,",2021-02-23,厂家受理
24,573913,一汽-大众,探岳,2020款 330TSI 两驱 豪华智联版,一汽大众探岳颗粒捕捉器堵塞导致油耗增高,"A85,A114,",2021-02-23,信息审核
25,573912,北京现代,北京现代ix35,2013款 2.0L 自动 两驱 智能型GLS 国IV,北京现代ix35发动机拉缸冷车时存在异响,"A9,A329,",2021-02-23,信息审核
26,573911,一汽-大众,速腾,2018款 280TSI DSG熠动版,一汽大众速腾韩泰轮胎开裂影响驾驶安全	,"F100,",2021-02-23,信息审核
27,573908,一汽-大众,T-ROC探歌,2018款 280TSI DSG 两驱 进取型 国V,一汽大众T-ROC探歌离合器无法断开,"C65,C267,M283,",2021-02-23,信息审核
28,573905,长安铃木,维特拉,2016款 1.4T 自动 两驱 豪华型,长安铃木维特拉多功能方向盘按键失灵,"H134,",2021-02-23,信息审核
29,573904,上汽大众,途观L,2017款 330TSI 两驱 豪华版,上汽大众途观L变速箱故障换挡混乱,"B96,B334,",2021-02-23,信息审核
30,573897,BEIJING汽车,E系列,2013款 1.5L 手动 乐天版 三厢,BEIJING汽车E系列离合器处防火墙出现断裂,"C267,H168,",2021-02-23,信息审核
31,573896,长安汽车,逸动XT,2013款 1.5T 自动 劲酷型 XT,长安逸动XT发动机出现油耗增高,"A85,",2021-02-23,信息审核
32,573895,东风标致,标致408,2014款 1.8L 自动 豪华版,东风标致408发动机烧机油要求解决,"A63,",2021-02-23,处理反馈
33,573885,北京越野,北京BJ40,2019款 改款 2.0T 自动 四驱 城市猎人版 尊享型 国V,北京BJ40发动机渗油要求厂家解决,"A12,",2021-02-23,信息审核
34,573884,一汽-大众奥迪,奥迪A3,2016款 Sportback 1.8T 双离合 风尚型,一汽大众奥迪A3变速箱机电单元出现故障,"B84,",2021-02-23,信息审核
35,573883,一汽-大众,探岳,2019款 330TSI 两驱 豪华型 国Ⅵ,一汽大众探岳大灯发白影响夜间驾驶,"H82,",2021-02-23,信息审核
36,573879,长城汽车,哈弗H7,2017款 2.0T 豪华型 红标 H7L,哈弗H7变速箱异响严重经销商不解决,"B33,",2021-02-23,厂家受理
37,573878,东风标致,标致408,2014款 1.8L 自动 豪华版,东风标致408发动机烧机油 车身抖动明显,"A24,A63,",2021-02-23,处理反馈
38,573876,沃尔沃亚太,沃尔沃S90,2019款 T5 智逸版,亚太沃尔沃S90行驶及怠速时低频噪音大共振,"H268,",2021-02-23,信息审核
39,573875,一汽-大众,探岳,2019款 330TSI 两驱 豪华型 国Ⅵ,一汽大众探岳车灯发白不亮影响驾驶安全,"H82,",2021-02-23,处理反馈
40,573874,广汽本田,飞度,2014款 1.5 CVT EX精英型,广汽本田飞度启动困难要求更换起动机,"A44,",2021-02-23,处理反馈
41,573873,吉利汽车,缤越,2019款 260T DCT 游侠 国VI 运动款,吉利缤越发动机故障报警 服务态度差,"A34,I293,",2021-02-23,处理反馈
42,573872,东风悦达起亚,智跑,2019款 2.0L 自动 智享豪华版,东风悦达起亚智跑新车有补漆痕迹,"M284,",2021-02-23,信息审核
43,573868,腾势汽车,腾势X,2020款 PHEV 旗舰版,滕势X高速时变速箱无法加速存在质量您问题,"B334,",2021-02-23,信息审核
44,573867,上汽通用五菱,宝骏360,2018款 1.5L 手动 豪华型 国V,宝骏360轮眉车门排水孔和发动机舱生锈,"H79,",2021-02-23,处理反馈
45,573866,BEIJING汽车,E系列,2013款 1.5L 手动 乐天版 三厢,BEIJING汽车E系列离合器支座固定点松动,"C166,",2021-02-23,信息审核
46,573864,长安福特,翼虎,2018款 EcoBoost 180 两驱 豪翼型 改款,长安福特翼虎中控模块故障希望尽快处理,"H104,",2021-02-23,处理反馈
47,573862,东风标致,标致408,2015款 1.2T 自动 豪华版,东风标致408购买延保后车辆出现故障不保修,"I297,L314,",2021-02-23,处理反馈
48,573861,奇瑞汽车,瑞虎3,2015款 1.6L 手动 智尚周年运动版,奇瑞瑞虎3天窗支架断裂4S店不予保修,"H168,I297,",2021-02-23,处理反馈
49,573860,一汽奔腾,奔腾T77,2020款 PRO 280 TID 自动 豪华型,一汽奔腾T77发动机熄火 方向盘抱死,"A14,D123,H110,",2021-02-23,处理反馈
50,573859,一汽-大众,宝来,2015款 1.6L 手动 时尚型 质惠版,一汽大众宝来车内异味严重影响人员健康,"H185,",2021-02-23,处理反馈
51,573858,江铃汽车,特顺,2019款 2.8T 商运型 长轴 中顶 6座 后单胎 国VI JX493,江铃特顺行驶时跑偏刹车偏软排气管冒白烟,"A114,E269,G117,",2021-02-23,信息审核
52,573857,上汽大众,途观L,2019款 280TSI 自动 两驱 全景舒适版 国V,上汽大众途观L变速箱顿挫异响 发动机异响,"A9,B33,B19,",2021-02-23,处理反馈
53,573855,一汽-大众,迈腾,2017款 330TSI DSG 豪华型,一汽大众迈腾变速箱机电控制单元故障,"B84,",2021-02-23,处理反馈
54,573854,一汽-大众奥迪,奥迪A4L,2019款 40 TFSI 时尚型 国VI,一汽大众奥迪A4L空调不制冷 车窗控制器故障,"H101,H72,H67,",2021-02-23,信息审核
55,573851,一汽-大众,探岳,2020款 330TSI 两驱 豪华智联版,一汽大众探岳颗粒捕捉器频繁堵塞导致油耗高,"A85,A114,",2021-02-23,处理反馈
56,573847,东风日产,启辰星,2020款 260T 自动 48V轻混增压 星曜版,东风启辰星新车变速箱故障要求赔偿折旧费,"B96,",2021-02-23,信息审核
57,573845,东风日产,逍客,2016款 2.0L CVT 精英版,东风日产逍客变速箱故障无法加速,"B96,B334,",2021-02-23,信息审核
58,573843,东风标致,标致408,2014款 1.8L 自动 豪华版,东风标致408发动机烧机油希望厂家召回,"A63,",2021-02-23,处理反馈
59,573838,北京现代,领动,2019款 1.4T 双离合 炫动·活力型,北京现代领动发动机烧机油 变速箱降挡异响,"A63,B33,",2021-02-23,信息审核
60,573837,上汽大通,上汽大通MAXUS G10,2019款 改款 PLUS 2.0T 手动 智享版 国V,上汽大通MAXUS G10维修使用非原厂件,"H79,J299,N319,N321,",2021-02-23,信息审核
61,573836,长城汽车,坦克300,2021款 越野版 2.0T 征服者,长城坦克300经销商欺骗消费者无现车,"L313,",2021-02-23,信息审核
62,573829,雷克萨斯,雷克萨斯UX新能源,2020款 300e 纯·享版,雷克萨斯UX新能源电池容量设计缺陷,"Q322,",2021-02-23,信息审核
63,573827,广汽丰田,凯美瑞,2015款 2.0G 自动 领先版,广汽丰田凯美瑞前半轴防尘套漏油,"G51,",2021-02-23,信息审核
64,573824,上汽大众,桑塔纳,2019款 1.5L 手动 风尚版 国VI,上汽大众桑塔纳换挡顿挫 发动机异响,"A9,B19,",2021-02-23,处理反馈
65,573821,上汽集团,荣威Ei5,2019款 智联旗舰版,上汽荣威Ei5电池组故障 续航严重降低,"H344,",2021-02-23,信息审核
66,573820,一汽-大众,迈腾,2020款 330TSI DSG 豪华型,一汽大众迈腾空调异响 车机死机 后视镜异响,"H134,H101,H211,",2021-02-23,处理反馈
67,573814,东风雪铁龙,雪铁龙C4L,2013款 1.6THP 自动 劲享版,东风雪铁龙C4L发动机抖动故障灯亮,"A24,A34,",2021-02-23,处理反馈
68,573811,东风雪铁龙,雪铁龙C4L,2013款 1.6THP 自动 劲智版,东风雪铁龙C4L发动机气门损坏要求解决,"A45,A251,",2021-02-23,处理反馈
69,573810,一汽-大众,探岳,2020款 330TSI 两驱 豪华智联版,一汽大众探岳颗粒捕捉器堵塞导致油耗高,"A85,A114,H263,",2021-02-23,处理反馈
70,573809,广汽讴歌,讴歌TLX-L,2018款 2.4L 悦享版,广汽讴歌TLX-L变速箱挂D挡抖动异响,"A9,A24,I295,",2021-02-23,用户评分
71,573797,一汽-大众,迈腾,2020款 330TSI DSG 豪华型,一汽大众迈腾启动时发动机频繁异响,"A9,",2021-02-23,信息审核
72,573796,捷豹,捷豹XF,2015款 2.0T 80周年典藏豪华版,捷豹XF轮毂自动裂开 4S店不给更换,"H243,",2021-02-23,处理反馈
73,573794,大乘汽车,大乘G70S,2019款 2.0T 自动 尊贵型,大乘G70S没有4S店免费保养无法兑现,"O326,",2021-02-23,信息审核
74,573793,江淮汽车,瑞风M5,2019款 2.0T 双离合 公务版 汽油,江淮瑞风M5配件不全一直未到货影响维修,"N318,",2021-02-23,处理反馈
75,573792,东风日产,天籁,2020款 2.0L XL 舒适版,东风日产天籁4S店维修后中控仪表台异响,"H72,H93,J300,J299,",2021-02-23,处理反馈
76,573791,东风标致,标致408,2014款 1.8L 自动 豪华版,东风标致408发动机有严重烧机油的现象,"A63,",2021-02-23,处理反馈
77,573790,吉利汽车,缤越,2019款 运动款 260T DCT Battle 国VI 运动款,吉利缤越汽油泵故障发动机怠速不稳熄火,"A34,A44,A14,A35,H78,",2021-02-23,信息审核
78,573789,广汽丰田,凯美瑞,2015款 2.0G 自动 领先版,广汽丰田凯美瑞球笼套漏油扩大维修,"J300,J306,",2021-02-23,信息审核
79,573788,猎豹汽车,猎豹CS10,2016款 2.0T 自动 领先型,猎豹CS10出现助力转向油管漏油现象,"D58,",2021-02-23,信息审核
80,573787,江铃汽车,驭胜S350,2016款 2.4T 自动 两驱 柴油 豪华版 5座,江铃驭胜S350变速箱换挡时出现异响,"B33,",2021-02-23,信息审核
81,573786,东风雪铁龙,世嘉,2010款 1.6 自动 尚乐版,东风雪铁龙世嘉变速箱故障灯亮存在质量问题,"B96,",2021-02-23,用户评分
82,573784,郑州日产,途达,2020款 2.5L XL Upper 4WD 自动 四驱 豪华版,郑州日产途达刹车踏板出现异响,"E43,",2021-02-23,信息审核
83,573783,北京奔驰,奔驰E级,2017款 E 300 L 豪华型,北京奔驰E级轮毂开裂要求厂家解决,"H243,",2021-02-23,信息审核
84,573782,东风标致,标致408,2013款 2.0 手动 舒适版,东风标致408车内刺异味 刹车异响,"E43,H185,",2021-02-23,处理反馈
85,573781,一汽-大众,迈腾,2019款 330TSI DSG 豪华型 国VI,一汽大众迈腾4S店维修质量差 承诺未兑现,"J303,L314,",2021-02-23,处理反馈
86,573780,领克,领克01,2019款 2.0T 两驱 型Pro版 国V,领克01经销商保养时将车辆卡扣拆坏,"J300,",2021-02-23,处理反馈
87,573777,北京奔驰,奔驰GLA,2018款 200 动感型,北京奔驰GLA座椅多处脱皮希望厂家处理,"H169,",2021-02-23,信息审核
88,573774,东风风行,景逸X3,2015款 1.5L 豪华型,东风风行景逸X3减震器胶套脱落底盘异响,"G56,H168,",2021-02-23,处理反馈
89,573771,长安林肯,冒险家,2021款 2.0T 两驱 尊雅版,长安林肯冒险家发动机怠速运转时抖动,"A24,",2021-02-23,信息审核
90,573766,东风标致,标致408,2014款 1.8L 自动 豪华版,东风标致408发动机故障灯频繁报警,"A34,",2021-02-23,处理反馈
91,573763,郑州日产,锐骐6,2019款 2.5T 手动 两驱 标准型 柴油 ZD25T5,郑州日产锐骐6行驶时发动机拉瓦,"A328,",2021-02-23,信息审核
92,573762,东风日产,奇骏,2016款 2.0L CVT 智享版 4WD,东风日产奇骏变速箱电磁阀出现问题,"B19,B334,B84,",2021-02-23,信息审核
93,573759,一汽-大众奥迪,奥迪A6L新能源,2020款 55 TFSI e quattro,奥迪A6L新能源行驶时动力消失刹车失灵,"A255,E29,",2021-02-23,信息审核
94,573758,东风悦达起亚,凯绅,2019款 1.8L 自动 GLS,东风悦达起亚凯绅自动启停按键出现故障,"H263,",2021-02-23,信息审核
95,573757,华晨宝马,宝马5系新能源,2021款 535Le M运动套装,宝马5系新能源充满电后显示续航不达标,"H343,H344,",2021-02-23,信息审核
96,573752,北京汽车,威旺S50,2016款 1.5T 手动 乐动豪华型,北汽威旺S50车辆停放时出现自燃,"H40,",2021-02-23,厂家受理
97,573750,一汽-大众奥迪,奥迪Q5L,2020款 40 TFSI 荣享时尚型,一汽大众奥迪Q5L发动机怠速时有电流声,"A9,H164,",2021-02-23,信息审核
98,573747,东风悦达起亚,KX3傲跑,2015款 1.6T 自动 两驱DLX,东风悦达起亚KX3傲跑涡轮增压故障 烧机油,"A63,A189,",2021-02-22,信息审核
99,573746,东风乘用车,风神AX7,2016款 2.0L 手动 智逸型,东风风神AX7打转向卡顿异响严重,"D59,D123,",2021-02-22,处理反馈
100,573745,一汽-大众,宝来,2019款 改款 1.5L 自动 舒适型 国VI,一汽大众宝来电瓶亏电 车辆启动困难,"H146,",2021-02-22,处理反馈
101,573741,陆风汽车,陆风X7,2015款 2.0T 全景尊贵版,陆风X7变速箱顿挫 行驶时无法换挡,"B19,B20,",2021-02-22,信息审核
102,573738,长安福特,锐际,2020款 EcoBoost 245 四驱 纵享款 ST-LINE,长安福特锐际P挡踩刹车时排挡旋钮异响,"B184,",2021-02-22,处理反馈
103,573737,奇瑞汽车,瑞虎8,2020款 290TGDI 自动 豪华版,奇瑞瑞虎8新车提车时电瓶亏电无法点火,"H146,L313,",2021-02-22,处理反馈
104,573736,长城汽车,哈弗大狗,2021款 1.5T DCT 边牧-旺财版,哈弗大狗4S店收取GPS和贷款服务费,"K307,",2021-02-22,信息审核
105,573735,一汽-大众捷达,捷达VS5,2019款 280TSI 自动 悦享型,一汽大众捷达VS5转向机异响厂家无人回复,"D59,",2021-02-22,处理反馈
106,573728,一汽-大众,速腾,2021款 280TSI DSG 舒适智联版,一汽大众速腾机电单元故障行驶中无法加速,"B334,B84,",2021-02-22,处理反馈
107,573722,一汽-大众奥迪,奥迪A6L,2018款 50 TFSI 双离合 quattro 尊享型,一汽大众奥迪A6L变速箱顿挫 变速箱异响	,"B33,B19,",2021-02-22,信息审核
108,573721,吉利汽车,远景X6,2020款 1.4T CVT 亚运版,吉利远景X6安全气囊故障导致故障灯亮,"H103,",2021-02-22,信息审核
109,573720,雪铁龙（进口）,大C4毕加索,2015款 1.6T 豪华型 7座 Grand,进口雪铁龙大C4毕加索发动机抖动故障灯亮,"A24,A34,",2021-02-22,信息审核
110,573712,一汽-大众奥迪,奥迪Q5L,2018款 45 TFSI 尊享运动型 国V,一汽大众奥迪Q5L全轮驱动障碍报警,"H86,",2021-02-22,信息审核
111,573706,一汽丰田,卡罗拉,2014款 1.6L CVT GL,一汽丰田卡罗拉车门限位器生锈严重,"H79,",2021-02-22,厂家受理
112,573705,上汽大众,途岳,2021款 330TSI 四驱 豪华版 PLUS,上汽大众途岳变速箱漏油要求更换变速箱,"B22,N320,",2021-02-22,信息审核
113,573704,北汽威旺,黑豹小卡,H3自卸,北汽制造黑豹小卡发动机故障灯亮起,"A34,",2021-02-22,信息审核
114,573703,东风标致,标致308,2014款 乐享版 经典 1.6L 手动 风尚型,东风标致308发动机热车异响 报P0011故障码,"A9,A34,",2021-02-22,处理反馈
115,573699,吉利汽车,缤瑞,2019款 200T DCT 缤驰版,吉利缤瑞车机触摸失灵黑屏无法使用,"H134,",2021-02-22,处理反馈
116,573697,领克,领克05,2020款 2.0TD 四驱 劲Halo,领克05高速时方向盘震动希望厂家处理,"D80,",2021-02-22,处理反馈
117,573694,北京现代,索纳塔,2020款 380TGDi GS 自动 智享版,北京现代索纳塔发动机故障灯亮存在质量问题,"A34,",2021-02-22,信息审核
118,573689,MINI,MINI,2018款 2.0T COOPER S 经典派,MINI倍耐力右前轮鼓包 左前轮爆胎,"F39,F130,",2021-02-22,信息审核
119,573688,Jeep（进口）,牧马人,2019款 2.0T Rubicon 四门版 国VI,进口Jeep牧马人吃胎偏磨影响安全,"G245,",2021-02-22,厂家受理
120,573687,广汽本田,飞度,2016款 1.5L LX CVT 舒适型,广汽本田飞度冷启动发动机异响希望处理,"A9,",2021-02-22,处理反馈
121,573685,广汽本田,雅阁,2018款 2.0L 锐领版 锐·混动 国VI,广汽本田雅阁变速箱与制动报警 加速无力,"A163,B96,E62,",2021-02-22,处理反馈
122,573683,广汽丰田,凯美瑞,2015款 2.0G 自动 领先版,广汽丰田凯美瑞曲轴油封与半轴防尘套漏油,"A12,G51,",2021-02-22,信息审核
123,573681,猎豹汽车,猎豹CS10,2016款 2.0T 自动 定制型,猎豹CS10行驶时变速箱故障无法加速,"B334,",2021-02-22,信息审核
124,573680,一汽丰田,RAV4荣放,2020款 双擎 2.5L CVT 四驱 精英PLUS版,一汽丰田RAV4荣放发动机机油增多,"A339,",2021-02-22,信息审核
125,573679,领克,领克05,2020款 2.0TD 四驱 劲Halo,领克05高速行驶时方向盘震动异常,"D80,",2021-02-22,处理反馈
126,573678,广汽本田,飞度,2014款 1.5L CVT LX舒适型,广汽本田飞度左后翼子板出现锈蚀,"H79,",2021-02-22,用户评分
127,573677,吉利汽车,缤越,2019款 260T DCT 游侠 运动款 国V,吉利缤越变速箱换挡异响厂家一直不解决,"B33,I295,",2021-02-22,处理反馈
128,573675,吉利汽车,豪越,2020款 1.8TD DCT 豪华型 5座,吉利豪越购车后不能异地做首保,"L314,",2021-02-22,处理反馈
129,573674,上汽通用五菱,乐驰,2008款 1.0L 手动 豪华型,宝骏乐驰维修后车轮定位不准 ABS故障报警,"E74,G225,I295,J300,",2021-02-22,处理反馈
130,573673,长城汽车,哈弗H2,2016款 1.5T 自动 两驱豪华型,哈弗H2减震器异响一直维修未解决,"A24,G52,",2021-02-22,处理反馈
131,573671,路虎进口,揽胜星脉,2020款 P250 R-DYNAMIC S,进口路虎揽胜星脉行驶时车内有低频噪音,"H164,",2021-02-22,处理反馈
132,573670,长城汽车,WEY VV5,2019款 2.0T 两驱 终结版,WEY VV5车辆后轮两个轮胎吃胎严重,"G245,",2021-02-22,信息审核
133,573668,长城汽车,哈弗H2,2016款 1.5T 手动 两驱豪华型,哈弗H2行驶时底盘出现严重异响,"G56,",2021-02-22,处理反馈
134,573661,一汽丰田,卡罗拉,2017款 1.2T CVT GL-i,一汽丰田卡罗拉上锁后警报器不定时响,"H119,H197,",2021-02-22,信息审核
135,573660,广汽丰田,雷凌,2017款 185T CVT 精英版 国V 改款,广汽丰田雷凌减震器漏油希望尽快处理,"G25,",2021-02-22,信息审核
136,573659,上汽大众斯柯达,柯迪亚克,2018款 TSI330 两驱 舒适版 5座 改款,斯柯达柯迪亚克转向异响起步异响门把手异响,"B33,D59,H233,",2021-02-22,处理反馈
137,573656,上汽大众斯柯达,速派,2013款 1.4T DSG 名仕版,斯柯达速派车内异味一直非常严重,"H185,",2021-02-22,处理反馈
138,573655,保时捷,Macan,2018款 Macan 2.0T,保时捷Macan车灯开裂质保期不给保修,"H220,",2021-02-22,信息审核
139,573653,一汽-大众,探岳,2020款 330TSI 两驱 豪华智联版,一汽大众探岳大灯进水厂家不予索赔,"H88,I297,",2021-02-22,处理反馈
140,573652,东风本田,本田CR-V,2016款 2.0L 两驱 都市版,东风本田CR-V变速箱漏油希望尽快处理,"B22,",2021-02-22,处理反馈
141,573650,广汽丰田,凯美瑞,2009款 240G 自动 豪华版,广汽丰田凯美瑞仪表台老化粘手希望处理,"H176,",2021-02-22,信息审核
142,573649,东风本田,杰德,2017款 1.8L 自动 舒适版 5座,东风本田杰德优科豪马轮胎起皮开裂,"F100,F186,",2021-02-22,厂家受理
143,573648,一汽丰田,亚洲龙,2019款 2.0L 豪华版 国VI,一汽丰田亚洲龙点火启动后出现异响,"A9,",2021-02-22,信息审核
144,573645,大众（进口）,途锐,2020款 2.0TSI 锐尚版 国VI,进口大众途锐实车配置与宣传不符,"M279,",2021-02-22,信息审核
145,573644,东风日产,天籁,2019款 2.0L XL 舒适版,东风日产天籁油箱加满后异响 悬挂异响,"G204,H147,",2021-02-22,信息审核
146,573643,雷克萨斯,雷克萨斯ES,2020款 200 卓越版,进口雷克萨斯ES挂D挡停车时异响严重,"A9,B33,",2021-02-22,厂家受理
147,573641,一汽-大众,速腾,2014款 1.4TSI 手动 豪华型 改款,一汽大众速腾车身稳定和ABS故障一直未解决,"E74,H170,",2021-02-22,处理反馈
148,573640,大众（进口）,蔚揽新能源,2019款 GTE,进口大众蔚揽新能源售后维修时间过长,"L312,",2021-02-22,信息审核
149,573638,广汽丰田,凯美瑞,2015款 2.0G 自动 领先版,广汽丰田凯美瑞两侧半轴防尘套漏油,"G161,",2021-02-22,信息审核
150,573637,长城汽车,风骏7,2019款 2.0T 柴油 两驱 超值型 国VI 大双 GW4D20M,长城风骏7发动机涡轮增压器损坏 不予质保,"A189,I297,",2021-02-22,处理反馈
151,573634,长安福特,探险者,2020款 EcoBoost 285 四驱 风尚版 7座,长安福特探险者转向机异响更换两次未解决,"D59,J298,",2021-02-22,用户评分
152,573633,广汽丰田,凯美瑞,2019款 改款 2.0G 豪华版,广汽丰田凯美瑞水箱划痕 行驶时异响,"A9,A191,B33,I294,J301,",2021-02-22,信息审核
153,573632,上汽大通,上汽大通MAXUS V90,2020款 2.0T 手动 运杰版 前驱 后单胎 长轴 高顶 7座,上汽大通MAXUS V90行驶时跑偏变速箱打齿,"A9,C65,G117,",2021-02-22,处理反馈
154,573626,一汽-大众,宝来,2020款 1.5L 自动 精英型,一汽大众宝来冷车启动打转向时异响,"D59,",2021-02-22,处理反馈
155,573623,广汽讴歌,讴歌TLX-L,2018款 2.4L 尊享版,广汽讴歌TLX-L轮毂问题导致轮胎漏气,"H243,",2021-02-22,处理反馈
156,573620,宝马（进口）,宝马X4,2020款 xDrive25i M运动套装,进口宝马X4变速箱阀体损坏 制动故障灯亮,"B184,E62,",2021-02-22,信息审核
157,573618,吉利汽车,缤越,2020款 PRO 240T 手动 射手,吉利缤越经销商维修后忘记插上机油尺,"J304,",2021-02-22,信息审核
158,573615,一汽-大众,迈腾,2018款 330TSI DSG 豪华型,一汽大众迈腾变速箱机电单元故障,"B115,",2021-02-22,处理反馈
159,573612,吉利汽车,帝豪GL,2018款 1.8L 手动 精英智联型,吉利帝豪GL车门生锈异响严重希望处理,"H79,H72,",2021-02-22,处理反馈
160,573611,广汽本田,飞度,2014款 1.5L CVT LX舒适型,广汽本田飞度发动机熄火VTC执行器开裂,"A14,",2021-02-22,处理反馈
161,573606,一汽-大众,迈腾,2019款 330TSI DSG 豪华型 国V,一汽大众迈腾音响重低音时门板共振异响,"H134,H72,",2021-02-22,处理反馈
162,573603,上汽大众斯柯达,柯迪亚克,2017款 TSI330 两驱 豪华版 5座,斯柯达柯迪亚克变速箱紧急状态无法挂倒挡,"B20,B96,",2021-02-22,用户评分
163,573600,一汽-大众,速腾,2019款 280TSI DSG 舒适型 国VI,一汽大众速腾刹车盘异常磨损刹车时异响,"E43,E47,",2021-02-22,处理反馈
164,573596,一汽-大众,速腾,2015款 230TSI  自动 舒适型,一汽大众速腾轮速传感器故障导致故障灯亮,"H203,",2021-02-22,用户评分
165,573593,广汽丰田,汉兰达,2018款 2.0T 四驱 骑士版 7座 国VI,广汽丰田汉兰达车门胶条开裂 车顶有异响,"H15,H48,",2021-02-22,信息审核
166,573591,东风悦达起亚,起亚K3,2016款 1.6L 自动 GLS,东风悦达起亚K3方向管柱异响厂家拒绝更换,"D59,I297,",2021-02-22,处理反馈
167,573590,一汽-大众,迈腾,2017款 330TSI DSG 领先型,一汽大众迈腾变速箱机电单元故障希望处理,"B115,",2021-02-22,处理反馈
168,573587,广汽三菱,欧蓝德,2019款 2.4L 四驱 致享版 7座 国VI,广汽三菱欧蓝德敲缸爆震升级两次未解决,"A9,A18,B69,J298,",2021-02-22,厂家受理
169,573586,北京奔驰,奔驰GLC,2017款 300 4MATIC 动感型,北京奔驰GLC空调一侧出冷风另一侧出热风,"H101,",2021-02-22,信息审核
170,573585,广汽本田,皓影,2020款 240TURBO CVT 两驱 尊贵版,广汽本田皓影4S店违约延期交车 加收费用,"K307,L311,",2021-02-22,处理反馈
171,573584,长安汽车,长安CS55,2018款 1.5T 手动 炫色型 国V,长安CS55经销商保养发动机内部油泥严重,"N317,",2021-02-22,处理反馈
172,573582,长安福特,福睿斯,2015款 1.5L 自动 时尚型,长安福特福睿斯冷凝器泄漏导致不制冷,"H101,",2021-02-22,处理反馈
173,573580,昌河铃木,北斗星,2015款 1.4L 全能升级型,昌河铃木北斗星车身及后翼子板生锈严重,"H79,",2021-02-22,厂家受理
174,573576,东风标致,标致408,2016款 1.6T 自动 豪华版,东风标致408发动机电子水温传感器损坏,"A191,",2021-02-22,用户评分
175,573574,吉利汽车,缤越,2020款 PRO 260T DCT Battle,吉利缤越提不到车4S店销售承诺未兑现,"L313,L312,L311,",2021-02-22,处理反馈
176,573569,林肯（进口）,林肯MKX,2017款 2.0T 两驱 尊享版,林肯MKX防动液渗入气缸导致发动机失火,"A24,A37,",2021-02-22,信息审核
177,573568,东风风行,风行T5L,2019款 1.5T CVT 豪华型 7座,东风风行T5L变速器故障导致车辆无法行驶,"B334,",2021-02-22,处理反馈
178,573567,宝马（进口）,宝马X4,2020款 xDrive25i M运动套装,进口宝马X4变速箱阀体损坏故障灯亮,"B96,B84,",2021-02-22,用户评分
179,573565,北京现代,途胜,2019款 280TGDi 双离合 两驱 智联版 国V,北京现代途胜多处异响 变速箱异响 饰板开裂,"B33,H168,H15,M283,",2021-02-22,信息审核
180,573563,一汽-大众,探岳,2019款 330TSI 两驱 豪华型 国Ⅵ,一汽大众探岳变速箱拖挡共振 车身抖动,"B95,B69,",2021-02-22,处理反馈
181,573561,奇瑞汽车,风云2,2015款 1.5L 手动 新锐版,奇瑞风云2车身多处生锈希望尽快处理,"H79,",2021-02-22,处理反馈
182,573558,东南汽车,东南DX3,2016款 1.5L SRG 手动 尊贵型,东南DX3中控台及四个车门异响严重,"D59,H72,H93,",2021-02-22,处理反馈
183,573557,东风日产,天籁,2020款 2.0L XL Upper 智行版,东风日产天籁车载智联不能使用升级未解决,"H155,M279,",2021-02-22,处理反馈
184,573552,东风标致,标致408,2014款 1.8L 手动 领先版,东风标致408发动机烧机油影响正常用车,"A63,",2021-02-22,用户评分
185,573551,长安福特,锐际,2020款 EcoBoost 245 四驱 纵享款 ST-LINE,长安福特锐际右后刹车异响 全景影像蓝屏,"E43,H134,",2021-02-22,处理反馈
186,573549,奇瑞汽车,瑞虎8 PLUS,2021款 290TGDI DCT 豪耀版,奇瑞瑞虎8 PLUS中控台与车门有异响,"H72,H93,",2021-02-22,处理反馈
187,573547,长城汽车,哈弗H2,2017款 1.5T 手动 两驱豪华型 红标,哈弗H2 4S店维修转向系统损坏转向轴防尘罩,"J300,",2021-02-22,处理反馈
188,573546,广汽本田,飞度,2014款 1.5L CVT LX舒适型,广汽本田飞度起动机故障无法启动,"A44,",2021-02-22,处理反馈
189,573545,一汽-大众,探岳,2019款 330TSI 两驱 豪华型 国Ⅵ,一汽大众探岳车灯不亮透镜裂痕雨刮异响,"H82,H60,H220,",2021-02-22,处理反馈
190,573544,江淮汽车,江淮iEV6E,2019款 运动版 iEV6E 豪华智能型 精装版,江淮iEV6E质保期内维修4S店不予提供代步车,"L314,",2021-02-22,处理反馈
191,573542,一汽丰田,RAV4荣放,2016款 2.0L CVT 两驱 智尚版 国V,一汽丰田RAV4荣放左前半轴防尘套漏油,"G161,",2021-02-22,信息审核
192,573541,青岛解放,GH6,燃气牵引车,青岛解放GH6耗气量严重超标希望尽快处理,"A85,",2021-02-22,信息审核
193,573540,广汽丰田,雷凌,2021款 185T CVT 豪华版,广汽丰田雷凌4S店销售赠送加油卡与宣传不符,"L313,M279,",2021-02-22,信息审核
194,573539,一汽-大众,迈腾,2017款 330TSI DSG 豪华型,一汽大众迈腾变速箱机电单元故障4S店不保修,"B84,",2021-02-22,处理反馈
195,573538,一汽-大众,速腾,2015款 230TSI  自动 豪华型,一汽大众速腾发动机高压油泵异响厂家不解决,"A9,",2021-02-22,用户评分
196,573534,长城汽车,欧拉黑猫,2019款 女神版 351km,欧拉黑猫车内异味严重影响身体健康,"H185,",2021-02-22,处理反馈
197,573533,华晨中华,中华V7,2018款 280T DCT 豪华型 7座,华晨中华V7节气门故障厂家无配件,"A34,H170,N318,",2021-02-22,信息审核
198,573532,东风日产,启辰T60,2020款 1.6L CVT 智行版 国VI,东风日产启辰T60行驶时向右跑偏方向盘沉重,"D156,G117,",2021-02-22,信息审核
199,573529,凯翼汽车,凯翼X3,2018款 1.6L CVT 智享版 国V,凯翼X3中控屏出现闪屏黑屏现象,"H134,",2021-02-22,信息审核
200,573528,一汽-大众,速腾,2021款 280TSI DSG 豪华智联版,一汽大众速腾发动机故障报警 低开发票价格,"A34,K308,M315,",2021-02-22,用户评分
201,573523,一汽-大众奥迪,奥迪A4L,2016款 2.0T 自动 标准型,一汽大众奥迪A4L冷却液无故缺失,"A37,",2021-02-22,信息审核
202,573514,一汽丰田,亚洲龙,2019款 双擎 2.5L 豪华版 国Ⅵ,一汽丰田亚洲龙颠簸路面车门异响 内饰异响,"H72,H164,",2021-02-22,信息审核
203,573513,长安福特,蒙迪欧,2018款 EcoBoost 180 舒适型,长安福特蒙迪欧变速箱无法挂挡4S店无法解决,"B20,",2021-02-22,处理反馈
204,573510,一汽-大众,迈腾,2020款 330TSI DSG 豪华型,大众迈腾怠速发动机异响变速箱换挡异响,"A9,B33,",2021-02-22,处理反馈
205,573509,一汽-大众,探岳,2019款 330TSI 两驱 豪华型 国Ⅵ,一汽大众探岳行驶过程中变速箱顿挫,"B19,",2021-02-22,用户评分
206,573506,长安福特,翼虎,2015款 2.0L GTDi 四驱尊贵型 5座,长安福特翼虎油箱加不满油 油耗高 动力不足,"A163,A85,H271,",2021-02-22,用户评分
207,573504,北京奔驰,奔驰GLC,2021款 GLC 300 L 4MATIC 动感型,北京奔驰GLC右后侧车窗玻璃无法上升,"H67,",2021-02-22,信息审核
208,573501,广汽丰田,凯美瑞,2009款 240G 自动 豪华版,广汽丰田凯美瑞中控台软化掉皮,"H157,",2021-02-22,信息审核
209,573499,BEIJING汽车,BEIJING-EX3,2019款 R600 劲尚版,BEIJING-EX3能量回收失效 导航无法升级,"H146,H21,",2021-02-22,处理反馈
210,573498,一汽-大众奥迪,奥迪A6L,2021款 40 TFSI 豪华动感型,一汽大众奥迪A6L座椅开线 发动机抖动熄火,"A24,A14,H168,",2021-02-22,信息审核
211,573496,奇瑞汽车,瑞虎8,2020款 290TGDI 自动 时尚版,奇瑞瑞虎8车灯盲区大影响行车安全,"Q322,",2021-02-22,处理反馈
212,573494,一汽-大众,探岳,2020款 330TSI 两驱 豪华智联版,一汽大众探岳颗粒捕捉器堵塞 发动机异响,"A9,A163,A85,A114,",2021-02-22,处理反馈
213,573493,奇瑞捷豹路虎,发现神行,2018款 240PS SE版,奇瑞路虎发现神行电动后备箱出现异响,"H68,",2021-02-22,处理反馈
214,573489,一汽吉林,森雅R9,2018款 1.2T 自动 尊贵智悦型,一汽吉林森雅R9变速箱故障灯亮无法行驶,"B96,",2021-02-22,信息审核
215,573487,林肯（进口）,林肯MKZ,2017款 2.0H E-CVT 尊享版,进口林肯MKZ发动机防冻液渗漏质量差,"A24,A37,A191,",2021-02-22,信息审核
216,573486,广汽丰田,汉兰达,2018款 2.0T 两驱 尊贵版 7座 国VI,广汽丰田汉兰达锁车后右后轮附近有电机声音	,"G125,",2021-02-22,信息审核
217,573485,上汽集团,荣威350,2014款 1.5L 手动 迅驰版 350S,上汽荣威350正时链条拉长跳齿爬坡熄火,"A14,A45,",2021-02-22,用户评分
218,573484,一汽-大众,探岳,2019款 330TSI 四驱 豪华型 国V,一汽大众探岳大灯内部发白不亮影响行车安全,"H82,",2021-02-22,处理反馈
219,573483,东风雪铁龙,C4世嘉,2016款 1.6L 自动 舒适型,东风雪铁龙C4世嘉转向柱故障方向盘晃动,"D80,",2021-02-22,处理反馈
220,573481,众泰汽车,大迈X7,2017款 1.8T 手动 尊贵型,众泰大迈X7商家未兑现终身免费基础保养,"L313,",2021-02-22,信息审核
221,573478,一汽-大众,探岳,2019款 330TSI 两驱 豪华型 国Ⅵ,一汽大众探岳转向异响 变速箱异响抖动,"A9,B33,B95,D59,I295,",2021-02-22,处理反馈
222,573477,上汽大众斯柯达,速派,2016款 TSI330 DSG 智行版,斯柯达速派变速箱控制单元故障要求解决,"B115,",2021-02-22,处理反馈
223,573474,一汽丰田,卡罗拉,2017款 1.2T S-CVT GL-i 改款,一汽丰田卡罗拉中控台开裂一直未解决,"H176,",2021-02-22,信息审核
224,573471,广汽丰田,雷凌,2021款 185T CVT 运动版,广汽丰田雷凌低速加速时变速箱顿挫异响,"B33,B19,",2021-02-22,信息审核
225,573470,东风风行,风行S50EV,2018款 EV 豪华型,东风风行S50EV快充高压线损坏 刹车失灵,"E29,H340,",2021-02-22,处理反馈
226,573466,北京现代,途胜,2015款 1.6T   双离合 两驱 智能型,北京现代途胜变速箱故障跳挡厂家无配件,"B27,N318,",2021-02-22,信息审核
227,573459,一汽-大众奥迪,奥迪Q5,2015款 40 TFSI 技术型 5座,一汽大众奥迪Q5防冻液水壶发生开裂,"H168,",2021-02-22,信息审核
228,573458,东风标致,标致308,2018款 1.6L 自动 豪华版,东风标致308后备箱开合过程中铰链挂钩变形,"H68,I292,",2021-02-22,用户评分
229,573444,一汽-大众,捷达,2012款 1.6 手动 典藏版,一汽大众捷达全车车身生锈腐烂要求处理,"H79,",2021-02-22,处理反馈
230,573443,华晨宝马,宝马X1,2020款 sDrive25Li 领先型,华晨宝马X1内饰雨刮器刹车异响安全带未报警,"E43,H164,H60,H118,",2021-02-22,处理反馈
231,573439,广汽丰田,雷凌,2018款 185T CVT 尊贵版 国VI,广汽丰田雷凌中控台异响底盘前悬挂多处生锈,"H79,H93,",2021-02-22,信息审核
232,573437,广汽乘用车,传祺GS7,2017款 280T 两驱 豪华型,广汽传祺GS7制动系统故障店内不解决问题,"E269,I295,I281,",2021-02-22,信息审核
233,573436,东风本田,本田CR-V,2021款 240TURBO CVT 两驱 舒适版,东风本田CR-V出现发动机机油增多,"A339,",2021-02-22,用户评分
234,573435,上汽大众,途观L,2017款 330TSI 两驱 豪华版,上汽大众途观L变速箱机电单元故障,"B115,",2021-02-22,处理反馈
235,573434,一汽-大众奥迪,奥迪Q5,2017款 Plus 40 TFSI 动感型,一汽大众奥迪Q5节温器漏冷却液,"A37,",2021-02-22,信息审核
236,573429,吉利汽车,帝豪GL,2018款 1.4T 手动 精英智联型,吉利帝豪GL变速箱轴承损坏出现异响,"B33,B77,",2021-02-22,处理反馈
237,573427,福特（进口）,探险者（进口）,2017款 2.3T 风尚版,进口福特探险者变速箱异响顿挫无法换挡,"B33,B19,B20,",2021-02-22,厂家受理
238,573426,东风日产,逍客,2017款 2.0L CVT 智享版 国VI,东风日产逍客传感器故障加速无力熄火怠速高,"A14,A35,A160,H234,",2021-02-22,处理反馈
239,573424,广汽本田,缤智,2017款 1.8L CVT 两驱 先锋型,广汽本田缤智冷车启动后发动机异响,"A9,",2021-02-21,处理反馈
240,573423,东风标致,标致3008,2015款 1.6THP 自动 潮流版,东风标致3008发动机气门室盖漏油,"A12,",2021-02-21,处理反馈
241,573420,东风标致,标致408,2016款 1.6T 自动 豪华版,东风标致408发动机动力输出不平稳,"A255,",2021-02-21,处理反馈
242,573419,东风日产,轩逸,2018款 1.6XE CVT 舒适版,东风日产轩逸变速箱异响要求延长质保,"B33,",2021-02-21,处理反馈
243,573418,长安铃木,骁途,2017款 1.6L 手动 两驱 都市时尚型,长安铃木骁途低温无法启动厂家不解决问题,"A44,I295,",2021-02-21,信息审核
244,573417,一汽丰田,卡罗拉,2021款 1.2T S-CVT 精英版,一汽丰田卡罗拉发动机机油有汽油味且增多,"A339,",2021-02-21,信息审核
245,573416,一汽-大众奥迪,奥迪A4L,2020款 40 TFSI 时尚动感型,一汽大众奥迪A4L冷启动怠速及驻车时抖动,"A24,",2021-02-21,信息审核
246,573412,华晨宝马,宝马5系,2020款 530Li 领先型 豪华套装,华晨宝马5系方向机异响4S店不予索赔,"D265,I297,",2021-02-21,信息审核
247,573408,东风悦达起亚,智跑,2018款 2.0L 自动 智享豪华版,东风悦达起亚智跑4S店更换前风挡裂纹漏水,"H109,H113,J303,",2021-02-21,处理反馈
248,573405,广汽本田,缤智,2015款 1.5L CVT 两驱舒适型,广汽本田缤智变速箱漏油 发动机异响,"A9,B22,G204,J299,",2021-02-21,处理反馈
249,573404,一汽-大众,宝来,2021款 1.5L 自动 舒适智联版,一汽大众宝来蓝牙及USB均无法播放音乐,"H134,",2021-02-21,处理反馈
250,573402,长城汽车,炮,2019款 2.0T 商用版 手动 两驱 精英型 长箱 GW4D20M 柴油,长城炮发动机涡轮增压器损坏 售后不予质保,"A189,I297,",2021-02-21,用户评分
251,573401,上汽大众斯柯达,速派,2016款 TSI280 DSG 创行版,斯柯达速派夏季暴晒后车内异味很大,"H185,",2021-02-21,处理反馈
252,573400,东风日产,蓝鸟,2018款 1.6L CVT 智酷潮音版,东风日产蓝鸟行驶时忽然失控导致事故,"D57,",2021-02-21,处理反馈
253,573399,大众（进口）,高尔夫（进口）,2011款 1.4TSI DSG Cross Golf,进口大众高尔夫发动机活塞爆裂 DVD损坏,"A63,A163,H134,H151,",2021-02-21,信息审核
254,573398,北京奔驰,奔驰E级,2012款 300 L 优雅型,北京奔驰E级车辆碰撞后安全气囊未弹开,"H55,",2021-02-21,处理反馈
255,573397,奇瑞汽车,艾瑞泽5,2020款 1.5L CVT 运动版,奇瑞艾瑞泽5变速箱漏油更换后抖动,"B22,B95,",2021-02-21,用户评分
256,573393,陆风汽车,陆风X7,2015款 2.0T 全景尊贵版,陆风X7发动机故障灯亮 变速箱顿挫,"A34,B19,",2021-02-21,信息审核
257,573389,广汽本田,雅阁,2018款 260TURBO 精英版 国VI,广汽本田雅阁转向及中控台有电流声,"D59,H93,",2021-02-21,处理反馈
258,573388,东风日产,启辰R50X,2015款 1.6L 手动 豪华版,启辰R50X发动机漏防冻液维修未解决,"A37,",2021-02-21,信息审核
259,573384,一汽-大众,迈腾,2013款 1.8TSI 领先型,一汽大众迈腾挂挡后车辆无法正常行驶,"B334,",2021-02-21,处理反馈
260,573383,上汽集团,荣威360,2018款 1.5L 手动 尊享版 PLUS,上汽荣威360行驶时仪表盘有异响 A柱异响,"H15,H202,",2021-02-21,处理反馈
261,573382,一汽-大众,迈腾,2017款 330TSI DSG 豪华型,一汽大众迈腾行驶中变速箱无倒挡和偶数挡,"B20,",2021-02-21,处理反馈
262,573379,长城汽车,炮,2020款 2.0T 商用版 自动 柴油 两驱 精英型 长箱 GW4D20M,长城炮发动机故障灯频繁出现导致车辆限速,"A34,",2021-02-21,处理反馈
263,573378,广汽菲克Jeep,大指挥官,2020款 2.0T 两驱 精英版,广汽菲克Jeep大指挥官置换补贴一直未兑现,"L313,",2021-02-21,厂家受理
264,573377,长城汽车,风骏7,2020款 2.0T 柴油 两驱 新冠军版 公务型 小双 4D20M,长城风骏7涡轮增压器渗油4S店不予理赔,"A12,A189,I297,",2021-02-21,处理反馈
265,573375,江铃福特,全顺,2017款 2.0T 多功能商用车 中轴 中顶 国IV 柴油,江铃福特全顺三元催化器故障导致故障灯亮,"H54,",2021-02-21,信息审核
266,573373,上汽大众,凌渡,2015款 330TSI DSG 豪华版,上汽大众凌渡车内隔音棉有严重的异味,"H185,",2021-02-21,处理反馈
267,573371,一汽-大众,探岳,2019款 330TSI 两驱 豪华型 国V,一汽大众探岳多次提示冷却液减少希望处理,"A191,",2021-02-21,处理反馈
268,573370,领克,领克02,2019款 2.0T 自动 两驱 劲Pro版 国VI 高能版,领克02发动机启动困难影响正常使用,"A44,",2021-02-21,处理反馈
269,573363,一汽-大众奥迪,奥迪A3,2020款 Sportback 35 TFSI 进取型 国VI,一汽大众奥迪A3自动启停报警 转向失灵导致事故,"D57,H263,",2021-02-21,信息审核
270,573359,东风标致,标致408,2014款 1.8L 自动 豪华版,东风标致408发动机烧机油 悬挂下支臂异响,"A63,G56,",2021-02-21,处理反馈
271,573358,一汽-大众捷达,捷达VS5,2019款 280TSI 自动 进取型,捷达VS5原地转向异响 右前减震器颠簸异响,"D59,G52,",2021-02-21,处理反馈
272,573356,广汽本田,飞度,2014款 1.5L CVT SE时尚型,广汽本田飞度车身生锈希望尽快处理,"H79,",2021-02-21,处理反馈
273,573354,上汽大众,途观L,2017款 330TSI 两驱 豪华版,上汽大众途观L变速箱机电单元故障,"B115,",2021-02-21,用户评分
274,573352,长安福特,锐际,2020款 EcoBoost 245 两驱 聪慧嘉享款,长安福特锐际变速箱顿挫座椅异响严重,"B33,B19,H134,H67,H169,H60,",2021-02-21,厂家受理
275,573349,一汽-大众,探岳,2019款 330TSI 两驱 豪华型Plus 国VI,一汽大众探岳大灯发白 亮度不足,"H82,",2021-02-21,用户评分
276,573348,广汽三菱,欧蓝德,2020款 2.4L 四驱 致享版 5座,广汽三菱欧蓝德方向盘抖动 发动机噪音大,"A38,D80,",2021-02-21,厂家受理
277,573345,广汽菲克菲亚特,菲翔,2012款 1.4T 自动 劲享版,广汽菲亚特菲翔里程表闪烁无时间显示,"H202,",2021-02-21,厂家受理
278,573344,长安福特,锐际,2020款 EcoBoost 245 两驱 聪慧悦享款,长安福特锐际停放几天后远程启动无法使用,"H146,H155,",2021-02-21,用户评分
279,573343,一汽-大众捷达,捷达VS5,2019款 280TSI 自动 进取型,捷达VS5定速巡航异常 右后门密封条老化,"H79,H48,H253,",2021-02-21,处理反馈
280,573342,上汽通用五菱,宝骏310W,2017款 1.5L 手动 时尚型 国VI,宝骏310W出现交通事故气囊未弹开,"H55,",2021-02-21,处理反馈
281,573339,长安福特,锐际,2020款 EcoBoost 245 四驱 嘉享款,长安福特锐际左侧行车灯模块损坏,"H64,",2021-02-21,处理反馈
282,573337,东风日产,逍客,2019款 2.0L CVT 豪华版,东风日产逍客怠速突然升高 故障灯亮,"A34,",2021-02-21,处理反馈
283,573336,华晨宝马,宝马5系,2021款 525Li M运动套装,华晨宝马5系空调无法制冷存在质量问题,"H101,",2021-02-21,信息审核
284,573335,北京现代,名图,2016款 1.8L 自动 智能型GLS,北京现代名图主驾驶遮阳板断裂希望厂家处理,"H168,",2021-02-21,处理反馈
285,573333,长安汽车,长安欧尚A600,2016款 1.5L 豪华型 7座,长安欧尚A600漆面起泡 车身锈穿,"H79,H81,",2021-02-21,处理反馈
286,573332,奇瑞汽车,瑞虎7,2020款 1.5T CVT 豪华型,奇瑞瑞虎7车灯起雾进水希望厂家处理,"H88,H220,",2021-02-21,用户评分
287,573331,华晨宝马,宝马X1,2018款 sDrive18Li 尊享型,华晨宝马X1踩刹车时异响希望厂家处理,"E43,",2021-02-21,信息审核
288,573329,吉利汽车,缤越,2020款 PRO 240T DCT 猎手,吉利缤越4S店贷款购车月供金额有欺诈嫌疑,"K307,",2021-02-21,用户评分
289,573327,华晨宝马,宝马X3,2021款 xDrive28i M运动套装,华晨宝马X3热管理模块故障导致冷却液泄漏,"A37,A191,",2021-02-21,信息审核
290,573325,北京奔驰,奔驰GLC,2021款 GLC 260 L 4MATIC 动感型,北京奔驰GLC发动机启动困难希望换车,"A44,",2021-02-21,处理反馈
291,573324,上汽大众,途观L,2017款 330TSI 两驱 旗舰版,上汽大众途观L变速箱处于紧急运行模式,"B115,",2021-02-21,处理反馈
292,573312,一汽-大众,速腾,2018款 280TSI DSG熠动版,一汽大众速腾刹车盘异常磨损异响 刹车软,"E43,E269,E47,",2021-02-21,处理反馈
293,573310,一汽-大众,一汽-大众CC,2021款 330TSI 上市特别版,一汽大众CC新车发动机抱瓦异响抖动,"A9,A24,A328,",2021-02-21,用户评分
294,573303,东风雪铁龙,雪铁龙C4L,2015款 1.2T 自动 尊贵版,东风雪铁龙C4L召回更换正时皮带后烧机油,"A63,Q323,",2021-02-21,信息审核
295,573299,东风日产,逍客,2016款 2.0L CVT 精英版,东风日产逍客漆面起泡疑似出售问题车,"H81,M284,",2021-02-21,处理反馈
296,573295,东风日产,奇骏,2019款 2.0L CVT 舒适版 5座 2WD,东风日产奇骏排气管冒黑烟变速箱顿挫,"A114,B19,",2021-02-21,处理反馈
297,573291,一汽海马,福美来,2017款 1.6L 自动 豪华型,一汽海马福美来发动机异响厂家拒绝质保,"A9,L314,",2021-02-21,信息审核
298,573290,长安跨越,跨越王X1,2018款 1.2L 标准型 单排 后双轮 加长货箱 LJ469Q-AEB,长安跨越王X1车身高度不一致要求换车,"G204,",2021-02-21,用户评分
299,573288,一汽-大众,迈腾,2019款 330TSI DSG 豪华型 国V,一汽大众迈腾变速箱故障要求延长质保,"B115,",2021-02-21,信息审核
300,573287,东风雪铁龙,雪铁龙C4L,2013款 1.6THP 自动 劲智版,雪铁龙C4L发动机烧机油 后视镜折叠电机故障,"A63,H211,",2021-02-21,处理反馈
301,573286,江淮汽车,瑞风S4,2020款 1.5T CVT 超越型,江淮瑞风S4发动机噪音大希望处理,"A38,",2021-02-21,处理反馈
302,573285,广汽丰田,凯美瑞,2019款 2.0G 豪华版 国VI,广汽丰田凯美瑞底盘生锈 天窗异响,"A12,H79,H89,",2021-02-21,信息审核
303,573284,东风本田,本田UR-V,2017款 370TURBO 两驱 尊贵版 国V,东风本田UR-V发动机冷启动异响厂家未解决,"A9,",2021-02-21,处理反馈
304,573281,东风日产,轩逸,2018款 1.6XV CVT 尊享版,东风日产轩逸变速箱顿挫异响希望厂家处理,"B33,B19,",2021-02-21,处理反馈
305,573280,吉利新能源,嘉际新能源,2019款 1.5TD PHEV 耀享型,吉利嘉际新能源购车时承诺赠送充电桩未兑现,"I293,L313,",2021-02-21,处理反馈
306,573277,吉利汽车,缤瑞,2018款 14T CVT 缤致版,吉利缤瑞车门生锈4S店使用非原厂配件,"H79,N319,",2021-02-21,处理反馈
307,573276,一汽-大众奥迪,奥迪Q5,2015款 40 TFSI 舒适型 5座,一汽大众奥迪Q5水泵节温器漏水有缺陷,"A37,",2021-02-21,信息审核
308,573274,一汽-大众奥迪,奥迪A4L,2020款 40 TFSI 豪华动感型,一汽大众奥迪A4L前大灯内部出现熔化痕迹,"H220,",2021-02-21,信息审核
309,573272,上汽大众,途观,2016款 280TSI 自动 两驱 丝绸之路风尚版,上汽大众途观底盘异响严重影响驾驶,"G56,",2021-02-21,处理反馈
310,573270,北京现代,菲斯塔,2019款 280TGDi 智速版 国V,北京现代菲斯塔方向盘异响希望厂家处理,"D59,",2021-02-21,处理反馈
311,573269,华晨鑫源,小海狮X30,2020款 1.5L 超享型 国VI SWC15M,金杯小海狮X30发动机第四缸缺缸,"A24,",2021-02-21,信息审核
312,573265,东风日产,轩逸,2020款 改款 1.6L XL CVT 悦享版,东风日产轩逸变速箱失速自动熄火,"A14,B246,",2021-02-21,处理反馈
313,573258,上汽通用五菱,宝骏530,2020款 1.5T CVT 尊贵互联型 6座,宝骏530发动机故障灯亮希望厂家处理问题,"A34,",2021-02-21,处理反馈
314,573254,东风标致,标致408,2018款 350THP 自动 豪华版,东风标致408发动机抖动希望厂家质保,"A24,A191,",2021-02-21,处理反馈
315,573250,一汽-大众,探岳,2019款 330TSI 两驱 豪华型 国Ⅵ,一汽大众探岳大灯透镜变白通透性差车灯不亮,"H82,",2021-02-21,处理反馈
316,573249,长安福特,锐界,2016款 EcoBoost 245 两驱 精锐型,长安福特锐界行驶中右前半轴异响,"G56,",2021-02-21,处理反馈
317,573248,一汽-大众,宝来,2016款 1.6L 手动 舒适型,一汽大众宝来车内异味严重无法去除,"H185,",2021-02-21,处理反馈
318,573246,东风日产,奇骏,2014款 2.0L XE CVT 两驱 时尚版,东风日产奇骏变速箱故障车辆无法行驶,"B115,",2021-02-21,处理反馈
319,573245,长城汽车,哈弗大狗,2021款 1.5T DCT 拉布拉多版,哈弗大狗频繁出现熄火发动机报警,"A14,",2021-02-21,处理反馈
320,573244,东风雪铁龙,天逸 C5 AIRCROSS,2017款 350THP 时尚型,雪铁龙天逸C5AIRCROSS前减震器漏油,"G25,",2021-02-21,信息审核
321,573242,东风本田,本田XR-V,2020款 220 TURBO CVT 豪华版,东风本田XR-V发动机漏油厂家不解决,"A12,",2021-02-21,用户评分
322,573241,广汽丰田,YARiS L 致享,2017款 1.5E CVT 魅动版,广汽丰田致享行驶中发动机异响严重,"A9,",2021-02-21,信息审核
323,573238,陆风汽车,陆风X7,2018款 1.5T 铂金版 劲越,陆风X7右前侧车灯不亮厂家未解决问题,"H82,",2021-02-21,信息审核
324,573235,东风标致,标致408,2014款 1.8L 自动 豪华版,东风标致408发动机烧机油减震器异响,"A63,G52,",2021-02-21,处理反馈
325,573234,北京现代,索纳塔,2020款 270TGDi GLS DCT 精英版,北京现代索纳塔发动机漏油存在质量问题,"A12,",2021-02-21,处理反馈
326,573233,广汽本田,雅阁,2018款 260TURBO 精英版 国V,广汽本田雅阁发动机漏油希望厂家处理,"A12,A191,",2021-02-21,处理反馈
327,573230,上汽集团,荣威950,2012款 2.0L 舒适版,上汽荣威950车内隔音棉有明显异味,"H185,",2021-02-21,用户评分
328,573229,上汽大众斯柯达,柯珞克,2019款 TSI280 智行豪华版 国V,斯柯达柯珞克购车置换补贴没有兑现,"L313,",2021-02-21,处理反馈
329,573228,广汽丰田,凯美瑞,2015款 2.0G 自动 领先版,广汽丰田凯美瑞驱动半轴胶套漏油,"G51,",2021-02-21,信息审核
330,573226,广汽本田,缤智,2015款 1.5L CVT 两驱舒适型,广汽本田缤智启动时发动机异响严重,"A9,",2021-02-21,处理反馈
331,573225,一汽-大众捷达,捷达VS5,2019款 280TSI 自动 悦享型,一汽大众捷达VS5中控仪表盘存在有异响,"H93,",2021-02-21,处理反馈
332,573224,BEIJING汽车,BEIJING-X7,2020款 1.5TD DCT 致潮版,BEIJING-X7方向盘语音按键无法使用,"H134,",2021-02-21,信息审核
333,573223,上汽通用五菱,宝骏530,2018款 1.5T 手动 舒适型 国V,宝骏530发动机热车怠速异响严重,"A9,",2021-02-21,信息审核
334,573216,吉利汽车,帝豪GL,2018款 1.4T 自动 精英智联型,吉利帝豪GL左后门下方车漆鼓包生锈,"H79,",2021-02-21,处理反馈
335,573214,江淮汽车,瑞风S2,2015款 1.5L CVT 豪华智能型,江淮瑞风S2方向盘卡滞行驶中有异响,"D123,",2021-02-21,用户评分
336,573208,上汽大众,途观L,2019款 330TSI 自动 两驱 智动豪华版 国V,上汽大众途观L保养时发现发动机漏油,"A12,",2021-02-21,处理反馈
337,573207,上汽大众,帕萨特新能源,2019款 430PHEV 混动 豪华版,上汽大众帕萨特新能源变速箱机电单元故障,"B115,",2021-02-21,处理反馈
338,573203,一汽-大众,速腾,2021款 280TSI DSG 豪华智联版,一汽大众速腾发动机异响售后未解决问题,"A9,",2021-02-21,处理反馈
339,573200,奇瑞汽车,艾瑞泽5,2016款 1.5L 手动 领锐版,奇瑞艾瑞泽5减震异响车内棚顶有水印,"G52,H109,",2021-02-21,处理反馈
340,573199,一汽-大众,迈腾,2017款 330TSI DSG 豪华型,一汽大众迈腾变速箱处于紧急运行模式,"B96,B84,",2021-02-21,处理反馈
341,573198,长安汽车,长安UNI-T,2020款 1.5T 尊贵型,长安UNI-T刹车异响希望厂家处理问题,"E43,",2021-02-21,处理反馈
342,573190,一汽-大众,迈腾,2017款 330TSI DSG 豪华型,一汽大众迈腾变速箱电脑板故障挡位丢失,"B115,",2021-02-21,处理反馈
343,573189,一汽-大众,探岳,2019款 330TSI 两驱 豪华型 国Ⅵ,一汽大众探岳发动机异响 启停系统故障,"A9,H169,H263,",2021-02-21,处理反馈
344,573188,东风日产,启辰T70,2018款 2.0L CVT 睿趣版,东风启辰T70因电路问题着火自燃,"H40,",2021-02-21,处理反馈
345,573184,北京现代,北京现代ix25,2020款 1.5L CVT 尊贵型,北京现代ix25新车出现2次电瓶亏电,"H146,",2021-02-21,处理反馈
346,573183,奇瑞汽车,瑞虎3x,2018款 1.5L 自动 精英版,奇瑞瑞虎3x全车断电存在严重安全隐患,"H110,",2021-02-21,处理反馈
347,573181,华晨中华,中华V3,2016款 1.5L 手动 精英型,华晨中华V3 ABS泵损坏厂家无配件,"E74,N318,",2021-02-21,处理反馈
348,573179,长安汽车,长安CS95,2017款 2.0T 两驱 智远版,长安CS95车机系统出现故障自动重启,"H155,",2021-02-21,处理反馈
349,573177,长安福特,翼搏,2016款 1.5L  自动 运动典藏版,长安福特翼搏发动机故障灯亮抖动无法加速,"A9,A24,A34,B334,",2021-02-21,厂家受理
350,573175,广汽丰田,雷凌,2019款 185T CVT 豪华版 国VI,广汽丰田雷凌车身B柱装饰板开胶变形,"H179,",2021-02-21,信息审核
351,573173,一汽丰田,亚洲龙,2019款 双擎 2.5L XLE 尊贵版 国Ⅵ,一汽丰田亚洲龙机油乳化增多存在质量问题,"A339,A13,",2021-02-21,信息审核
352,573172,一汽-大众,迈腾,2017款 330TSI DSG 领先型,一汽大众迈腾变速箱无奇数挡存在质量问题,"B20,B84,",2021-02-21,用户评分
353,573171,一汽丰田,RAV4荣放,2016款 2.0L CVT 两驱 风尚版 国V,一汽丰田RAV4荣放后尾灯灯罩开裂进水,"H88,H220,I295,",2021-02-21,信息审核
354,573165,长安福特,翼虎,2017款 EcoBoost 180 两驱 精翼型,长安福特翼虎车内异味希望厂家处理问题,"H185,",2021-02-21,处理反馈
355,573163,上汽大众,途观L,2019款 330TSI 自动 两驱 全景舒适版 国VI,上汽大众途观L变速箱异响希望尽快处理,"B33,",2021-02-20,用户评分
356,573162,广汽本田,锋范,2017款 1.5L CVT 舒适版,广汽本田锋范冷车启动时发动机异响严重,"A9,",2021-02-20,处理反馈
357,573161,北京现代,菲斯塔,2019款 280TGDi 运动版 国VI,北京现代菲斯塔保养记录未上传影响质保,"J299,",2021-02-20,用户评分
358,573157,一汽-大众,宝来,2016款 1.6L 手动 舒适型,一汽大众宝来车身生锈刹车与方向机异响,"D59,E43,H79,",2021-02-20,处理反馈
359,573156,广汽丰田,凯美瑞,2007款 240G 豪华版,￼广汽丰田凯美瑞仪表台开裂老化严重,"H176,",2021-02-20,信息审核
360,573152,北京现代,途胜,2015款 1.6T   双离合 两驱 智能型,北京现代途胜升级后出现动力下降噪音大,"A339,A38,A163,O348,Q323,",2021-02-20,信息审核
361,573151,吉利汽车,嘉际,2021款 1.8TD DCT 豪华型,吉利嘉际经销商承诺提供旅游基金未兑现,"L313,",2021-02-20,处理反馈
362,573150,东风日产,天籁,2021款 2.0L XL 舒适版,东风日产天籁前挡玻璃有裂痕希望厂家处理,"H113,",2021-02-20,处理反馈
363,573146,上汽大众,途观L,2017款 380TSI 四驱 旗舰版,上汽大众途观L变速箱处于紧急运行模式,"B19,B96,",2021-02-20,用户评分
364,573145,一汽丰田,卡罗拉,2021款 1.2T S-CVT 先锋版,一汽丰田卡罗拉变速箱顿挫异响严重,"B33,B19,",2021-02-20,信息审核
365,573143,海马汽车,海马S5,2018款 1.5T CVT 旗舰型,海马S5中控黑屏360倒车影像有误差,"H134,",2021-02-20,信息审核
366,573140,上汽大众斯柯达,速派,2016款 TSI280 DSG 创行版,斯柯达速派变速箱挂挡机构故障要求召回,"B77,",2021-02-20,处理反馈
367,573139,长安福特,锐际,2020款 EcoBoost 245 四驱 嘉享款,长安福特锐际4S店未使用厂家规定机油,"Q349,",2021-02-20,厂家受理
368,573138,北京现代,领动,2018款 1.4T 双离合 炫动·活力型,北京现代领动更换转向柱后异响未能解决,"D59,",2021-02-20,处理反馈
369,573137,东风本田,艾力绅,2019款 2.0L 混动至尊版,东风本田艾力绅行驶中深踩油门排放报警,"A34,",2021-02-20,处理反馈
370,573134,长安福特,翼虎,2015款 1.5L GTDi 两驱风尚型 5座,长安福特翼虎左后轮下摆臂生锈断裂,"G210,",2021-02-20,处理反馈
371,573133,一汽丰田,亚洲龙,2019款 双擎 2.5L XLE 尊贵版 国Ⅵ,一汽丰田亚洲龙机油增多无法解决,"A339,",2021-02-20,信息审核
372,573132,长安福特,蒙迪欧,2018款 EcoBoost 200 时尚型,长安福特蒙迪欧发票时间提前导致脱保,"I281,O353,",2021-02-20,处理反馈
373,573130,一汽-大众,探岳,2020款 330TSI 两驱 豪华智联版,一汽大众探岳颗粒捕捉器堵塞油耗增加,"A85,A114,",2021-02-20,处理反馈
374,573129,北京越野,北京BJ20,2018款 1.5T CVT 豪华型,北京BJ20右门车漆脱落 左后门开启异响,"H81,H72,",2021-02-20,处理反馈
375,573128,吉利汽车,远景X6,2020款 1.4T CVT 尊贵型,吉利远景X6转向异响 车漆开裂 胎压报警,"D59,H81,H203,",2021-02-20,处理反馈
376,573118,一汽-大众,速腾,2014款 1.6L 自动 舒适型 改款,一汽大众速腾车灯老化脱落存在质量问题,"H220,",2021-02-20,处理反馈
377,573117,东风日产,天籁,2020款 2.0L XL 舒适版,东风日产天籁更换发动机后容易熄火,"A14,",2021-02-20,处理反馈
378,573114,广汽本田,飞度,2006款 飞度 1.5 CVT,广汽本田飞度变速箱D挡失灵出现窜车现象,"B246,",2021-02-20,处理反馈
379,573112,长安福特,福睿斯,2015款 1.5L 自动 时尚型,长安福特福睿斯气囊和ESP故障灯亮,"H170,H103,",2021-02-20,厂家受理
380,573111,奇瑞汽车,艾瑞泽5,2016款 1.5L 手动 领跑版,奇瑞艾瑞泽5全车多处生锈无法解决,"H79,",2021-02-20,用户评分
381,573110,广汽乘用车,传祺GS5 Super,2016款 1.8T 自动 四驱 豪华导航版,广汽传祺GS5 Super车顶大面积掉漆,"H81,",2021-02-20,用户评分
382,573109,东风日产,逍客,2019款 2.0L CVT 智享版,东风日产逍客发动机故障4S店反复消除故障码,"A34,",2021-02-20,处理反馈
383,573107,广汽丰田,雷凌,2021款 双擎 1.8H E-CVT 运动版,广汽丰田雷凌中控台主驾驶一侧下饰板开裂,"H168,",2021-02-20,信息审核
384,573103,一汽丰田,RAV4荣放,2020款 2.0L CVT 四驱 风尚版,一汽丰田RAV4荣放主副驾驶车窗晃动异响,"H72,",2021-02-20,信息审核
385,573091,上汽大通,上汽大通MAXUS G50,2021款 1.5T 自动 尊享版,上汽大通MAXUS G50关闭ESP后变速箱抖动,"B95,",2021-02-20,处理反馈
386,573089,一汽红旗,红旗H5,2020款 1.5T DCT 旗韵版,一汽红旗H5优科豪马轮胎未受外力出现鼓包,"F39,",2021-02-20,信息审核
387,573088,长城汽车,哈弗H2s,2017款 1.5T 自动 精英型 红标,哈弗H2s胎压监测传感器故障4S店无配件,"H203,N318,",2021-02-20,处理反馈
388,573087,吉利汽车,帝豪GL,2019款 1.4T CVT 精英智享版,吉利帝豪GL前风挡玻璃密封条翘起,"H48,",2021-02-20,处理反馈
389,573083,奇瑞汽车,瑞虎8,2020款 290TGDI 自动 精英版,奇瑞瑞虎8内饰异响一直未得到解决,"H164,",2021-02-20,处理反馈
390,573081,东风悦达起亚,智跑,2019款 2.0L 自动 智享豪华版,东风悦达起亚智跑发动机异响拉缸,"A9,A329,",2021-02-20,处理反馈
391,573079,一汽-大众,探岳,2019款 330TSI 两驱 豪华型 国Ⅵ,一汽大众探岳大灯发白亮度不足影响安全,"H82,",2021-02-20,信息审核
392,573075,吉利新能源,帝豪新能源,2016款 EV 精英型 三厢,吉利帝豪新能源空调暖风加热器损坏,"H101,",2021-02-20,处理反馈
393,573074,一汽-大众奥迪,奥迪Q3,2018款 30 TFSI 标准型 30周年年型,一汽大众奥迪Q3转向异响希望尽快处理,"D59,",2021-02-20,信息审核
394,573073,一汽-大众奥迪,奥迪Q5,2017款 2.0T 40 TFSI 技术型,一汽大众奥迪Q5刹车异响一直未解决,"E43,I295,",2021-02-20,信息审核
395,573072,长安马自达,马自达3 昂克赛拉,2020款 2.0L 自动 质炫版,长安马自达昂克赛拉中控屏幕自动重启,"H134,J298,",2021-02-20,处理反馈
396,573066,领克,领克01,2019款 2.0T 两驱型 Pro版 国VI,领克01启动时发动机异响4S店无法解决,"A9,",2021-02-20,处理反馈
397,573065,一汽丰田,RAV4荣放,2020款 2.0L CVT 两驱 风尚版,一汽丰田RAV4荣放行驶中前排车窗玻璃异响,"H72,",2021-02-20,信息审核
398,573064,吉利汽车,缤越,2019款 260T DCT 游侠 运动款 国V,吉利缤越4S店安装挡泥板操作流程不规范,"J299,",2021-02-20,处理反馈
399,573062,上汽集团,荣威360,2018款 1.5L 手动 豪华版 PLUS,上汽荣威360发动机故障无法启动要求解决,"A44,I297,",2021-02-20,用户评分
400,573060,吉利汽车,帝豪GS,2019款 1.4T CVT 雅,吉利帝豪GS变速箱异响转向异响车机卡顿,"B33,D59,H134,",2021-02-20,处理反馈
401,573059,东风雪铁龙,天逸 C5 AIRCROSS,2020款 400THP 旗舰型,东风雪铁龙天逸C5 AIRCROSS发动机缺缸,"A24,A34,",2021-02-20,处理反馈
402,573057,一汽-大众奥迪,奥迪Q3,2017款 35 TFSI 时尚型,一汽大众奥迪Q3变速箱机电单元损坏故障灯亮,"B96,B84,",2021-02-20,信息审核
403,573054,一汽-大众,高尔夫,2016款 1.4TSI 自动 R-Line,一汽大众高尔夫变速箱机电单元损坏,"B115,",2021-02-20,用户评分
404,573053,吉利汽车,远景X6,2016款 1.8L 手动 豪华型,吉利远景X6油箱口与十字轴生锈 密封条脱落,"H79,H48,",2021-02-20,处理反馈
405,573052,一汽-大众,迈腾,2020款 330TSI DSG 领先型,一汽大众迈腾变速箱机电控制单元故障,"B84,B115,",2021-02-20,处理反馈
406,573051,一汽奔腾,奔腾B70,2021款 1.5T 自动 尊享型,一汽奔腾B70电子挡把同款不同配置望解决,"H264,",2021-02-20,处理反馈
407,573050,一汽-大众奥迪,奥迪Q3,2015款 35 TFSI 舒适型,一汽大众奥迪Q3日间行灯出现发黄现象,"H82,",2021-02-20,信息审核
408,573048,华晨宝马,宝马X1,2014款 sDrive18i 运动设计套装 5座,华晨宝马X1转向助力失效导致打方向沉重,"D156,D57,",2021-02-20,信息审核
409,573047,零跑汽车,零跑S01,2020款 460 标准版,零跑S01续航能力充电时间相差很大,"M284,",2021-02-20,信息审核
410,573044,BEIJING汽车,绅宝D50,2019款 1.5L CVT 豪华版 国V,绅宝D50经销商更换变速箱油后出现异响,"B33,J300,",2021-02-20,用户评分
411,573039,东风乘用车,奕炫GS,2020款 230T 自动 越酷版,东风风神奕炫GS右前侧半轴出现漏油的现象,"G51,",2021-02-20,处理反馈
412,573038,东南汽车,东南DX3,2017款 1.5T 手动 旗舰型,东南DX3车辆行驶时转向异响严重,"D59,",2021-02-20,处理反馈
413,573037,一汽-大众,速腾,2018款 280TSI DSG熠动版,一汽大众速腾高压泵异响厂家不予解决,"A9,",2021-02-20,处理反馈
414,573035,上汽大众斯柯达,昕锐,2018款 1.6L 手动 舒适版,斯柯达昕锐变速箱漏油行驶时变速箱有异响,"B33,B22,",2021-02-20,处理反馈
415,573034,东风本田,本田UR-V,2020款 370TURBO 四驱 尊享版,东风本田UR-V发动机变速箱连接处渗油,"B22,",2021-02-20,处理反馈
416,573033,吉利汽车,帝豪GS,2018款 1.4T 手动 运动版 领尚型,吉利帝豪GS离合器不回弹导致无法挂挡,"C267,",2021-02-20,处理反馈
417,573030,一汽-大众,探岳,2019款 330TSI 两驱 豪华型 国Ⅵ,一汽大众探岳后排座椅异响 中控台异响,"H93,H169,",2021-02-20,处理反馈
418,573028,广汽丰田,凯美瑞,2008款 240G 2.4 自动 NAVI 豪华导航版,广汽丰田凯美瑞仪表台老化影响驾驶安全,"H176,",2021-02-20,信息审核
419,573027,广汽本田,凌派,2019款 180Turbo CVT 豪华版 国VI,广汽本田凌派涡轮增压器故障变速箱漏油,"A189,B22,",2021-02-20,处理反馈
420,573025,上汽大众,途观,2017款 300TSI 自动 两驱 丝绸之路舒适版,上汽大众途观底盘异响 喷油嘴漏油,"A53,G56,",2021-02-20,处理反馈
421,573023,广汽本田,飞度,2016款 1.5L LX CVT 舒适型,广汽本田飞度冷车启动时发动机出现打齿声,"A9,",2021-02-20,处理反馈
422,573020,上汽集团,名爵3,2013款 1.3L 手动 舒适版,上汽名爵3发动机异响 正时链条拉长,"A45,",2021-02-20,用户评分
423,573019,一汽-大众,速腾,2019款 280TSI DSG 舒适型 国VI,一汽大众速腾发动机烧机油希望厂家解决,"A63,",2021-02-20,处理反馈
424,573016,一汽-大众,探岳,2019款 330TSI 两驱 豪华型 国Ⅵ,一汽大众探岳大灯发白夜晚亮度不足,"H82,",2021-02-20,处理反馈
425,573015,东风本田,本田UR-V,2020款 370TURBO 两驱 尊雅版,东风本田UR-V低速松开刹车踏板有明显异响,"E43,",2021-02-20,处理反馈
426,573014,江淮汽车,瑞风S2,2016款 1.5L CVT 豪华型 双色版,江淮瑞风S2 TCU电脑模块故障报警,"B96,H170,I295,",2021-02-20,处理反馈
427,573013,华晨宝马,宝马3系,2021款 320Li M运动套装,华晨宝马3系新车行驶中转向灯不亮,"H82,",2021-02-20,信息审核
428,573012,奇瑞汽车,捷途X70 PLUS,2021款 1.5T 手动 林 7座,捷途X70 PLUS行驶时中控异响严重,"H93,",2021-02-20,用户评分
429,573011,广汽菲克Jeep,自由侠,2018款 互联大屏版 180TS 自动 高能版,广汽菲克Jeep自由侠车身抖动严重,"H268,",2021-02-20,厂家受理
430,573010,长安福特,蒙迪欧,2013款 1.5T 自动 GTDi180时尚型,长安福特蒙迪欧发动机节气门处存在大量机油,"A12,",2021-02-20,处理反馈
431,573009,海马汽车,海马8S,2019款 1.6TGDI 自动 潮版,海马8S厂家合伙人得奖励金活动未兑现,"L313,",2021-02-20,信息审核
432,573005,长安福特,翼虎,2018款 EcoBoost 180 两驱 豪翼型 改款,长安福特翼虎固特异轮胎起皮要求处理,"F186,",2021-02-20,处理反馈
433,573004,一汽-大众,探岳,2020款 330TSI 两驱 豪华智联版,一汽大众探岳漆面脱落颗粒捕捉器堵塞,"A114,H81,",2021-02-20,处理反馈
434,573000,上汽大众,途昂,2017款 380TSI 四驱 舒适版,上汽大众途昂变速箱故障报警无法挂入倒挡,"B20,B96,",2021-02-20,用户评分
435,572999,上汽大众,途观,2016款 300TSI 自动 四驱 豪华版,上汽大众途观四驱耦合器有异响和抖动,"H86,",2021-02-20,处理反馈
436,572998,上汽大众,途安,2018款 途安L 280TSI 自动 豪华版 7座,上汽大众途安变速器和转向异响4S店无法处理,"B33,D59,",2021-02-20,处理反馈
437,572997,江铃汽车,域虎7,2020款 2.0T 柴油 手动 四驱 舒享版 长轴 国VI JX4D20A6L,江铃域虎7前桥漏油希望尽快处理问题,"G51,",2021-02-20,信息审核
438,572994,长安福特,蒙迪欧,2013款 1.5T 自动 GTDi180时尚型,长安福特蒙迪欧进气管有机油 油箱无法加满,"A12,H271,",2021-02-20,用户评分
439,572993,北京奔驰,奔驰GLK,2014款 200 标准型 5座,北京奔驰GLK凸轮轴限位器磨损发动机报警,"A129,H234,",2021-02-20,处理反馈
440,572991,广汽本田,飞度,2014款 1.5L CVT LX舒适型,广汽本田飞度发动机启动困难要求解决,"A44,",2021-02-20,处理反馈
441,572990,东风日产,奇骏,2014款 2.0L XL CVT 两驱 舒适版,东风日产奇骏变速箱电磁阀故障无法行驶,"B33,B115,",2021-02-20,用户评分
442,572988,东风标致,标致308,2013款 1.6L 自动 风尚型,东风标致308方向盘晃动存在质量问题,"D80,D337,",2021-02-20,处理反馈
443,572985,一汽-大众奥迪,奥迪A4L,2019款 45 TFSI quattro 个性运动版 国VI,一汽大众奥迪A4L方向机故障 售后不予索赔,"D265,I297,",2021-02-20,信息审核
444,572984,一汽丰田,卡罗拉,2021款 1.2T S-CVT 豪华版,一汽丰田卡罗拉车机导航版本老旧,"H21,",2021-02-20,信息审核
445,572983,东风标致,标致408,2015款 1.2T 自动 豪华版,东风标致408更换正时皮带后烧机油严重,"A63,",2021-02-20,处理反馈
446,572982,一汽-大众奥迪,奥迪A4L,2020款 40 TFSI quattro 豪华动感型,一汽大众奥迪A4L油箱位置异响 中控屏异响,"H268,H93,H147,",2021-02-20,信息审核
447,572978,东风本田,艾力绅,2016款 2.4L 豪华版,东风本田艾力绅轻微转动方向出现异响,"D59,",2021-02-20,处理反馈
448,572975,东风本田,本田CR-V,2019款 240TURBO CVT 两驱 风尚版 国VI,东风本田CR-V发动机机油增多要求退车,"A339,",2021-02-20,处理反馈
449,572974,零跑汽车,零跑T03,2020款 400 豪华版,零跑T03涉及虚假宣传辅助驾驶功能缺失,"M279,",2021-02-20,信息审核
450,572968,一汽-大众奥迪,奥迪Q3,2017款 30 TFSI 时尚型,一汽大众奥迪Q3刹车盘异常磨损吃胎偏磨,"E239,G245,",2021-02-20,信息审核
451,572967,长安汽车,逸动XT,2018款 1.6L GDI 自动 风潮型 国V,长安逸动XT发动机盖以及车门多处生锈,"H79,",2021-02-20,用户评分
452,572964,福田,时代微卡,小卡之星,福田时代微卡排气管冒蓝烟多次维修未解决 ,"A114,",2021-02-20,信息审核
453,572962,东风日产,奇骏,2015款 2.0L CVT 舒适MAX版 2WD,东风日产奇骏变速箱故障无法行驶,"B115,",2021-02-20,处理反馈
454,572961,一汽-大众,迈腾,2018款 330TSI 尊贵型,一汽大众迈腾变速箱机电单元故障,"B115,",2021-02-20,用户评分
455,572959,上汽大众斯柯达,速派,2016款 TSI280 DSG 创行版,斯柯达速派变速箱故障报警 换挡机构故障,"B96,",2021-02-20,用户评分
456,572958,长安汽车,逸动XT,2018款 1.6L GDI 自动 风潮型 国V,长安逸动XT行驶时发动机异响噪音大,"A9,A38,",2021-02-20,用户评分
457,572956,北京现代,途胜,2018款 1.6T 双离合 两驱 15周年特别版,北京现代途胜中控屏故障厂家一直无货,"N318,",2021-02-20,处理反馈
458,572954,一汽丰田,RAV4荣放,2020款 2.5L CVT 两驱 精英版 双擎,一汽丰田RAV4荣放发动机舱进泥沙 车身异响,"H15,Q322,",2021-02-20,信息审核
459,572952,奔驰（进口）,奔驰GLC（进口）,2020款 GLC 260 4MATIC 轿跑SUV,进口奔驰GLC眼镜盒开关损坏4S店过度维修,"H168,J306,",2021-02-20,处理反馈
460,572951,一汽丰田,RAV4荣放,2016款 2.0L CVT 两驱 智尚版 国V,一汽丰田RAV4荣放前雾灯不亮希望给予解决,"H82,",2021-02-20,信息审核
461,572946,东风标致,标致408,2016款 1.6T 自动 豪华版,东风标致408发动机故障报警4S店未解决,"A34,A255,",2021-02-20,处理反馈
462,572942,一汽-大众,速腾,2021款 280TSI DSG 豪华智联版,一汽大众速腾没有坡道辅助功能与宣传不符,"M279,",2021-02-20,用户评分
463,572940,长城汽车,欧拉黑猫,2021款 301km 基础型,欧拉黑猫升级后无法使用充电桩预约充电,"O348,",2021-02-20,处理反馈
464,572939,东风标致,标致408,2015款 1.2T 自动 豪华版,标致408更换正时皮带后发动机抖动烧机油,"A24,A63,",2021-02-20,处理反馈
465,572937,一汽-大众,迈腾,2019款 330TSI DSG 豪华型 国V,一汽大众迈腾加速无力 变速箱异响顿挫,"B33,B19,B334,I295,",2021-02-20,处理反馈
466,572936,东风日产,轩逸,2012款 1.6L XE 自动 舒适版 经典,东风日产轩逸发动机异响售后收费不透明,"A9,K308,",2021-02-20,处理反馈
467,572935,东风本田,INSPIRE,2019款 锐·混动 2.0L 净雅版 国VI,东风本田INSPIRE发动机渗油要求解决,"A12,",2021-02-20,处理反馈
468,572934,上汽大众,途观L,2017款 330TSI 两驱 旗舰版,上汽大众途观L变速箱机电控制单元故障,"B96,B115,",2021-02-20,处理反馈
469,572933,广汽乘用车,传祺GS5,2019款 270T 自动 豪华版,广汽传祺GS5导航信号中断无法恢复连接,"E43,H21,H149,",2021-02-20,处理反馈
470,572932,一汽-大众,捷达,2017款 1.4L 手动 舒适型,一汽大众捷达变速箱冬天异响严重,"B33,",2021-02-20,处理反馈
471,572929,宝马（进口）,宝马X6,2020款 xDrive40i M运动套装,进口宝马X6更换机油泵后发动机异响,"A9,J300,",2021-02-20,信息审核
472,572925,上汽大众,途岳,2021款 280TSI 两驱 风尚版,上汽大众途岳收取金融服务费 刹车失灵,"E29,K307,",2021-02-20,处理反馈
473,572924,一汽-大众,探岳,2020款 330TSI 两驱 豪华智联版,一汽大众探岳颗粒捕捉器堵塞发动机油耗高,"A85,A114,",2021-02-20,处理反馈
474,572923,广汽丰田,雷凌,2019款 双擎 1.8H CVT 豪华版 国V,广汽丰田雷凌行驶时变速箱异响,"B33,",2021-02-20,信息审核
475,572921,一汽-大众奥迪,奥迪Q3,2019款 35 TFSI 进取动感型,一汽大众奥迪Q3邓禄普轮胎有裂痕存在质量问题,"F100,",2021-02-20,信息审核
476,572914,吉利汽车,帝豪GL,2018款 1.8L 手动 精英智联型,吉利帝豪GL转向沉重异响希望厂家处理,"D59,D156,",2021-02-20,用户评分
477,572912,吉利汽车,缤瑞,2018款 200T DCT 缤耀版,吉利缤瑞更换非原厂配件无维修记录,"J299,N319,",2021-02-20,处理反馈
478,572909,广汽丰田,凯美瑞,2015款 2.0G 自动 领先版,广汽丰田凯美瑞方向机故障时车辆跑偏,"D265,",2021-02-20,信息审核
479,572907,一汽-大众,速腾,2017款 230TSI 自动 舒适型,一汽大众速腾车内有刺鼻的异味越来越严重,"H185,",2021-02-20,处理反馈
